"Issue Type","Summary","Epic Link","Description","Priority","Story Points","Labels"
"Epic","E1 Escalamiento automatico y SLA","","El diferenciador del producto (seccion 2.3). Hoy Categoria.horasSla se guarda pero nadie la lee.","Highest","","F08"
"Epic","E2 Historial inmutable y trazabilidad","","Cumplir R08. Hoy se incumple: existe DELETE /api/tickets/:id y no hay registro de eventos.","Highest","","R08"
"Epic","E3 Notificaciones","","Puerto de notificacion + SMTP institucional (R02). Mitigacion de la suposicion S1.","High","","F09"
"Epic","E4 Asignacion automatica","","Reparto por carga y categoria con politica intercambiable (F05/F22).","High","","F05"
"Epic","E5 Identidad institucional","","LDAP de solo lectura (R01/S4) y autorizacion por rol completa.","Medium","","R01"
"Epic","E6 Visibilidad tablero e informes","","Tablero de carga e informes de cumplimiento y volumen.","Medium","","F12"
"Epic","E7 Cliente","","Interfaz adaptable y decision de alcance sobre la app movil.","Medium","","F24"
"Epic","E8 Proceso y calidad","","Restricciones de entrega: CI obligatoria, seguridad de bitacora, estimado vs real.","High","","R10"
"Task","E1-1 Anadir venceEn al Ticket y calcularlo desde categoria.horasSla","E1 Escalamiento automatico y SLA","F02, F08. Un ticket de categoria Aulas (2h) nace con venceEn = creadoEn + 2h. Incluye migracion Prisma e indice en venceEn.","Highest","3","F08;ruta-critica"
"Task","E1-2 Congelar horasSla en el ticket al crearlo (snapshot)","E1 Escalamiento automatico y SLA","F08, R08. Cambiar el SLA del catalogo no altera el vencimiento de los tickets ya abiertos. Depende de E1-1.","Highest","2","F08"
"Task","E1-3 Puerto Reloj en dominio mas adaptador real","E1 Escalamiento automatico y SLA","Mantenibilidad. El dominio no llama new Date(); las pruebas de vencimiento corren sin esperar tiempo real.","Highest","1","F08;ruta-critica"
"Task","E1-4 Caso de uso EscalarTicketsVencidos","E1 Escalamiento automatico y SLA","F08. Vencido sube BAJA a MEDIA a ALTA a CRITICA. Un CRITICA no se escala otra vez. Segunda corrida no cambia nada (idempotente). Depende de E1-1 y E1-3.","Highest","5","F08;ruta-critica"
"Task","E1-5 TicketDAO.vencidosSinEscalar mas implementacion Prisma y doble en memoria","E1 Escalamiento automatico y SLA","F08. Devuelve solo estados abiertos vencidos; no trae CERRADO ni RESUELTO. Depende de E1-4.","Highest","2","F08;ruta-critica"
"Task","E1-6 Planificador interno cada 15 min en main.ts","E1 Escalamiento automatico y SLA","F08, Fiabilidad. Arranca con el servidor, registra cuantos escalo, no tumba el proceso si falla. Depende de E1-4.","Highest","2","F08;ruta-critica"
"Task","E1-7 Endpoint manual POST /api/escalamientos/ejecutar (COORDINADOR)","E1 Escalamiento automatico y SLA","F08. Permite demostrar el escalamiento en la entrega sin esperar 15 minutos. Depende de E1-4.","High","1","F08"
"Task","E1-8 Exponer proximidad al vencimiento en las respuestas de ticket","E1 Escalamiento automatico y SLA","F13. El listado expone minutosParaVencer; negativo significa ya incumplido. Depende de E1-1.","High","2","F13"
"Task","E1-9 Pausar el reloj del SLA en ESPERA_INFORMACION","E1 Escalamiento automatico y SLA","F07. El tiempo en espera no cuenta para el vencimiento; venceEn se corre al volver a EN_PROCESO. Depende de E1-1 y E2-4.","Medium","5","F07"
"Task","E2-1 Entidad EventoTicket de solo insercion","E2 Historial inmutable y trazabilidad","F16, R08. El puerto EventoTicketDAO no tiene actualizar ni eliminar: editar el historial es imposible por diseno.","Highest","3","R08;ruta-critica"
"Task","E2-2 Registrar evento en creacion, asignacion, cambio de estado, escalamiento y cierre","E2 Historial inmutable y trazabilidad","F16. Cada operacion de GestionarTickets deja su evento; prueba que verifica la secuencia completa. Depende de E2-1.","Highest","5","R08;ruta-critica"
"Task","E2-3 GET /api/tickets/:id/historial","E2 Historial inmutable y trazabilidad","F16. Devuelve los eventos en orden cronologico con autor; el solicitante ve solo los de sus tickets. Depende de E2-2.","High","2","R08"
"Task","E2-4 Entidad Comentario mas POST y GET /api/tickets/:id/comentarios","E2 Historial inmutable y trazabilidad","F07. Agente y solicitante conversan dentro del ticket; un comentario no se edita ni se borra. Depende de E2-1.","High","5","F07"
"Task","E2-5 Quitar DELETE /api/tickets/:id y reemplazar por anulacion con motivo","E2 Historial inmutable y trazabilidad","R08. La ruta existe hoy y contradice la restriccion de auditoria. Un ticket no se borra: se anula dejando evento. Depende de E2-2.","Highest","2","R08;arreglo-rapido"
"Task","E2-6 Exigir motivo en la reasignacion","E2 Historial inmutable y trazabilidad","F14. PATCH con agenteId sin motivo responde 400; el motivo queda en el historial. Depende de E2-2.","Medium","3","F14"
"Task","E2-7 Exigir solucion registrada para pasar a RESUELTO o CERRADO","E2 Historial inmutable y trazabilidad","F15. Cerrar sin solucion responde 409. Anade campo solucion al ticket. Depende de E2-2.","Medium","3","F15"
"Task","E2-8 Plazo de reapertura configurable","E2 Historial inmutable y trazabilidad","F15. RESUELTO a EN_PROCESO solo dentro del plazo; pasado el plazo responde 409. Depende de E2-7 y E1-3.","Medium","3","F15"
"Task","E2-9 FK reales de solicitanteId y agenteId a Usuario","E2 Historial inmutable y trazabilidad","Integridad. Hoy son String suelto y se puede asignar un agente inexistente. Migracion mas validacion en el caso de uso.","High","3","integridad"
"Task","E3-1 Puerto Notificador en dominio","E3 Notificaciones","F09, R02. Firma enviar(destino, asunto, cuerpo) en dominio/puertos/index.ts. El dominio no conoce SMTP.","High","1","F09;ruta-critica"
"Task","E3-2 Adaptador NotificadorBitacora para desarrollo","E3 Notificaciones","F09, S1. Imprime la notificacion sin datos personales en la bitacora (atributo de Seguridad). Depende de E3-1.","High","1","F09;ruta-critica"
"Task","E3-3 Adaptador NotificadorSmtp contra el servicio institucional","E3 Notificaciones","R02. Configuracion por variables de entorno; si falla no tumba el flujo del ticket. Depende de E3-1.","Medium","3","R02"
"Task","E3-4 Acuse de recibo al registrar con identificador y compromiso de atencion","E3 Notificaciones","F02. El solicitante recibe el id del ticket y la hora comprometida de solucion. Depende de E3-1 y E1-1.","High","2","F02"
"Task","E3-5 Notificar asignacion, escalamiento al coordinador, solicitud de info y cierre","E3 Notificaciones","F09. Cuatro disparadores probados con doble del notificador. Depende de E3-1 y E1-4.","Medium","3","F09"
"Task","E4-1 Puerto PoliticaAsignacion","E4 Asignacion automatica","F22. Firma elegirAgente(ticket, candidatos) devuelve id o null. Cambiar la politica no toca GestionarTickets.","High","2","F22"
"Task","E4-2 Politica menor carga como primera implementacion","E4 Asignacion automatica","F05. Entre dos agentes de la categoria elige el de menos tickets abiertos; empate resuelve el primero de forma estable. Depende de E4-1.","High","3","F05"
"Task","E4-3 Asignar automaticamente al crear el ticket","E4 Asignacion automatica","F05. Un ticket nace ASIGNADO si hay agente competente y NUEVO si no hay ninguno. La reasignacion manual sigue siendo posible. Depende de E4-2.","High","3","F05"
"Task","E4-4 Relacion categoria a agentes competentes","E4 Asignacion automatica","F03, F05. El catalogo define que agentes atienden cada categoria y solo esos son candidatos. Depende de E4-2.","Medium","5","F05"
"Task","E4-5 TicketDAO.contarAbiertosPorAgente","E4 Asignacion automatica","F05, F12. Cuenta solo estados abiertos en una consulta, no N consultas.","High","2","F05"
"Task","E5-1 Puerto DirectorioIdentidades de solo consulta","E5 Identidad institucional","R01, F21, S4. No expone ninguna operacion de escritura: el directorio institucional no se puede corromper.","Medium","2","R01"
"Task","E5-2 Adaptador LDAP de solo lectura","E5 Identidad institucional","R01. Autentica contra el directorio y lee el rol; configurable por entorno. Depende de E5-1.","Medium","8","R01"
"Task","E5-3 IniciarSesion usa el directorio con respaldo local","E5 Identidad institucional","F19, S2. Si el directorio no responde cae al usuario local y lo registra en bitacora. Depende de E5-2.","Medium","3","F19"
"Task","E5-4 Sincronizacion de usuarios y roles desde el directorio","E5 Identidad institucional","F21. Los roles llegan de LDAP; no hay padron paralelo editable. Depende de E5-2.","Low","5","F21"
"Task","E5-5 Cerrar el hueco de autorizacion en PATCH /api/tickets/:id","E5 Identidad institucional","F20. Hoy un SOLICITANTE puede poner su propio ticket en RESUELTO. Debe poder editar solo asunto, descripcion y categoria.","Highest","2","F20;arreglo-rapido"
"Task","E5-6 Registro de auditoria de cambios al catalogo y a las politicas","E5 Identidad institucional","F23. Cada POST, PATCH y DELETE de categoria deja autor y fecha, consultable por el coordinador. Depende de E2-1.","Low","3","F23"
"Task","E6-1 GET /api/tablero con abiertos por agente, estado y proximidad al vencimiento","E6 Visibilidad tablero e informes","F12. Responde en menos de 2 s con el volumen esperado mediante una consulta agregada. Depende de E4-5 y E1-8.","Medium","5","F12"
"Task","E6-2 Filtro por rango de fechas en la busqueda de tickets","E6 Visibilidad tablero e informes","F11. Parametros desde y hasta sobre creadoEn; fechas invalidas responden 400.","Medium","2","F11"
"Task","E6-3 GET /api/informes/sla con cumplimiento por periodo, categoria y agente","E6 Visibilidad tablero e informes","F17. Porcentaje de cumplimiento mas lista de incumplidos, exportable por el coordinador. Depende de E1-1.","Medium","5","F17"
"Task","E6-4 GET /api/informes/volumen con recibidos, resueltos y pendientes","E6 Visibilidad tablero e informes","F18. Serie por semana o mes para anticipar los picos estacionales.","Low","3","F18"
"Task","E6-5 Indices de consulta para tablero e informes","E6 Visibilidad tablero e informes","Eficiencia de desempeno. Indices en (estado, venceEn) y (agenteId, estado), medido con EXPLAIN. Depende de E6-1.","Low","2","eficiencia"
"Task","E7-1 DECISION de alcance sobre la app movil frente a R05","E7 Cliente","R05, F24. R05 prohibe app movil nativa pero el equipo ya tiene una app Expo en ../../moviles/from-zero-app con login, tickets y catalogo. O se actualiza la vision y el movil pasa a ser alcance explicito, o la app se declara prototipo y F24 se cubre con cliente web. Sin resolverlo la entrega contradice su propio documento.","Highest","1","R05;decision"
"Task","E7-2 Pantalla de historial y comentarios en el cliente","E7 Cliente","F07, F16. Consume /historial y /comentarios. Depende de E2-3 y E2-4.","Medium","3","F16"
"Task","E7-3 Senalizacion visual de proximidad al vencimiento en el listado","E7 Cliente","F13. Insignia de color por cercania; el agente identifica lo urgente de un vistazo. Depende de E1-8.","Medium","2","F13"
"Task","E7-4 Tablero del coordinador en el cliente","E7 Cliente","F12. Consume /api/tablero. Depende de E6-1.","Low","5","F12"
"Task","E7-5 Medir el tiempo de registro de atencion de un caso","E7 Cliente","Usabilidad. Cronometrado de extremo a extremo: menos de 1 minuto, o se redisena el formulario.","Low","2","usabilidad"
"Task","E8-1 Integracion continua en .github/workflows","E8 Proceso y calidad","R10. No existe hoy y R10 dice que ninguna entrega se acepta en rojo. Corre npm run arquitectura, npx tsc --noEmit y npm test en cada push y PR.","Highest","2","R10;arreglo-rapido"
"Task","E8-2 Incluir prisma/ en el tsconfig que verifica CI","E8 Proceso y calidad","R10. seed.ts y prisma.config.ts hoy no se typechequean porque include solo trae src y tests. Depende de E8-1.","High","1","R10"
"Task","E8-3 Proteger main y develop con CI obligatoria","E8 Proceso y calidad","R10. GitFlow real: no se puede mezclar con la construccion en rojo. Depende de E8-1.","High","1","R10"
"Task","E8-4 Quitar los datos personales del manejador de errores","E8 Proceso y calidad","Atributo de Seguridad. servidor.ts linea 17 hace console.error(error), que puede volcar el cuerpo de la peticion. Registrar solo tipo, ruta y un identificador de correlacion.","Highest","2","seguridad;arreglo-rapido"
"Task","E8-5 Politica de retencion y aviso de tratamiento de datos","E8 Proceso y calidad","R06. Documentar que se guarda y por cuanto tiempo, aprobado por Proteccion de Datos.","Medium","3","R06"
"Task","E8-6 Comparacion de esfuerzo estimado contra real del corte","E8 Proceso y calidad","R11. Tabla por tarea con estimado PERT y horas reales; obligatoria en la entrega.","High","2","R11"
"Task","E8-7 Reorganizar tests/ para que espeje src/","E8 Proceso y calidad","Convencion de AGENTS.md. Hoy es tests/unidad y tests/http.","Low","1","chore"
